메달 이미지	1	Bronze	Beginner	Black	Drop	0	0
메달 이미지	2	Bronze	Beginner	Black	Wave	400	400
메달 이미지	3	Bronze	Beginner	Black	Storm	600	1,000
메달 이미지	4	Bronze	Beginner	Green	Drop	800	1,800
메달 이미지	5	Bronze	Beginner	Green	Wave	1,000	2,800
메달 이미지	6	Bronze	Beginner	Green	Storm	1,000	3,800
메달 이미지	7	Bronze	Beginner	Blue	Drop	2,500	6,300
메달 이미지	8	Bronze	Beginner	Blue	Wave	1,000	7,300
메달 이미지	9	Bronze	Beginner	Blue	Storm	1,000	8,300
메달 이미지	10	Bronze	Beginner	Yellow	Drop	2,500	10,800
메달 이미지	11	Bronze	Beginner	Yellow	Wave	1,000	11,800
메달 이미지	12	Bronze	Beginner	Yellow	Storm	1,000	12,800
메달 이미지	13	Bronze	Beginner	Red	Drop	2,500	15,300
메달 이미지	14	Bronze	Beginner	Red	Wave	1,000	16,300
메달 이미지	15	Bronze	Beginner	Red	Storm	1,000	17,300
메달 이미지	16	Silver	Beginner	Black	Drop	5,200	22,500
메달 이미지	17	Silver	Beginner	Black	Wave	1,000	23,500
메달 이미지	18	Silver	Beginner	Black	Storm	1,000	24,500
메달 이미지	19	Silver	Beginner	Green	Drop	2,500	27,000
메달 이미지	20	Silver	Beginner	Green	Wave	1,000	28,000
메달 이미지	21	Silver	Beginner	Green	Storm	1,000	29,000
메달 이미지	22	Silver	Beginner	Blue	Drop	2,500	31,500
메달 이미지	23	Silver	Beginner	Blue	Wave	1,000	32,500
메달 이미지	24	Silver	Beginner	Blue	Storm	1,000	33,500
메달 이미지	25	Silver	Beginner	Yellow	Drop	2,500	36,000
메달 이미지	26	Silver	Beginner	Yellow	Wave	1,000	37,000
메달 이미지	27	Silver	Beginner	Yellow	Storm	1,000	38,000
메달 이미지	28	Silver	Beginner	Red	Drop	2,500	40,500
메달 이미지	29	Silver	Beginner	Red	Wave	1,000	41,500
메달 이미지	30	Silver	Beginner	Red	Storm	1,000	42,500
메달 이미지	31	Gold	Beginner	Black	Drop	7,600	50,100
메달 이미지	32	Gold	Beginner	Black	Wave	1,000	51,100
메달 이미지	33	Gold	Beginner	Black	Storm	1,000	52,100
메달 이미지	34	Gold	Beginner	Green	Drop	2,500	54,600
메달 이미지	35	Gold	Beginner	Green	Wave	1,000	55,600
메달 이미지	36	Gold	Beginner	Green	Storm	1,000	56,600
메달 이미지	37	Gold	Beginner	Blue	Drop	2,500	59,100
메달 이미지	38	Gold	Beginner	Blue	Wave	1,000	60,100
메달 이미지	39	Gold	Beginner	Blue	Storm	1,000	61,100
메달 이미지	40	Gold	Beginner	Yellow	Drop	2,500	63,600
메달 이미지	41	Gold	Beginner	Yellow	Wave	1,000	64,600
메달 이미지	42	Gold	Beginner	Yellow	Storm	1,000	65,600
메달 이미지	43	Gold	Beginner	Red	Drop	2,500	68,100
메달 이미지	44	Gold	Beginner	Red	Wave	1,000	69,100
메달 이미지	45	Gold	Beginner	Red	Storm	1,000	70,100
메달 이미지	46	Bronze	Veteran	Black	Drop	5,200	75,300
메달 이미지	47	Bronze	Veteran	Black	Wave	4,600	79,900
메달 이미지	48	Bronze	Veteran	Black	Storm	4,600	84,500
메달 이미지	49	Bronze	Veteran	Green	Drop	7,600	92,100
메달 이미지	50	Bronze	Veteran	Green	Wave	4,600	96,700
메달 이미지	51	Bronze	Veteran	Green	Storm	4,800	101,500
메달 이미지	52	Bronze	Veteran	Blue	Drop	7,800	109,300
메달 이미지	53	Bronze	Veteran	Blue	Wave	4,800	114,100
메달 이미지	54	Bronze	Veteran	Blue	Storm	4,800	118,900
메달 이미지	55	Bronze	Veteran	Yellow	Drop	7,800	126,700
메달 이미지	56	Bronze	Veteran	Yellow	Wave	4,800	131,500
메달 이미지	57	Bronze	Veteran	Yellow	Storm	4,800	136,300
메달 이미지	58	Bronze	Veteran	Red	Drop	7,800	144,100
메달 이미지	59	Bronze	Veteran	Red	Wave	4,800	148,900
메달 이미지	60	Bronze	Veteran	Red	Storm	4,800	153,700
메달 이미지	61	Silver	Veteran	Black	Drop	13,200	166,900
메달 이미지	62	Silver	Veteran	Black	Wave	4,800	171,700
메달 이미지	63	Silver	Veteran	Black	Storm	4,800	176,500
메달 이미지	64	Silver	Veteran	Green	Drop	7,800	184,300
메달 이미지	65	Silver	Veteran	Green	Wave	4,800	189,100
메달 이미지	66	Silver	Veteran	Green	Storm	4,800	193,900
메달 이미지	67	Silver	Veteran	Blue	Drop	7,800	201,700
메달 이미지	68	Silver	Veteran	Blue	Wave	4,800	206,500
메달 이미지	69	Silver	Veteran	Blue	Storm	4,800	211,300
메달 이미지	70	Silver	Veteran	Yellow	Drop	7,800	219,100
메달 이미지	71	Silver	Veteran	Yellow	Wave	4,800	223,900
메달 이미지	72	Silver	Veteran	Yellow	Storm	4,800	228,700
메달 이미지	73	Silver	Veteran	Red	Drop	7,800	236,500
메달 이미지	74	Silver	Veteran	Red	Wave	4,800	241,300
메달 이미지	75	Silver	Veteran	Red	Storm	4,800	246,100
메달 이미지	76	Gold	Veteran	Black	Drop	18,000	264,100
메달 이미지	77	Gold	Veteran	Black	Wave	4,800	268,900
메달 이미지	78	Gold	Veteran	Black	Storm	4,800	273,700
메달 이미지	79	Gold	Veteran	Green	Drop	7,800	281,500
메달 이미지	80	Gold	Veteran	Green	Wave	4,800	286,300
메달 이미지	81	Gold	Veteran	Green	Storm	4,800	291,100
메달 이미지	82	Gold	Veteran	Blue	Drop	7,800	298,900
메달 이미지	83	Gold	Veteran	Blue	Wave	4,800	303,700
메달 이미지	84	Gold	Veteran	Blue	Storm	4,800	308,500
메달 이미지	85	Gold	Veteran	Yellow	Drop	7,800	316,300
메달 이미지	86	Gold	Veteran	Yellow	Wave	4,800	321,100
메달 이미지	87	Gold	Veteran	Yellow	Storm	4,800	325,900
메달 이미지	88	Gold	Veteran	Red	Drop	7,800	333,700
메달 이미지	89	Gold	Veteran	Red	Wave	4,800	338,500
메달 이미지	90	Gold	Veteran	Red	Storm	4,800	343,300
메달 이미지	91	Bronze	Expert	Black	Drop	22,200	365,500
메달 이미지	92	Bronze	Expert	Black	Wave	5,400	370,900
메달 이미지	93	Bronze	Expert	Black	Storm	5,400	376,300
메달 이미지	94	Bronze	Expert	Green	Drop	8,400	384,700
메달 이미지	95	Bronze	Expert	Green	Wave	5,400	390,100
메달 이미지	96	Bronze	Expert	Green	Storm	5,400	395,500
메달 이미지	97	Bronze	Expert	Blue	Drop	8,400	403,900
메달 이미지	98	Bronze	Expert	Blue	Wave	5,400	409,300
메달 이미지	99	Bronze	Expert	Blue	Storm	5,600	414,900
메달 이미지	100	Bronze	Expert	Yellow	Drop	8,600	423,500
메달 이미지	101	Bronze	Expert	Yellow	Wave	5,600	429,100
메달 이미지	102	Bronze	Expert	Yellow	Storm	5,600	434,700
메달 이미지	103	Bronze	Expert	Red	Drop	8,600	443,300
메달 이미지	104	Bronze	Expert	Red	Wave	5,600	448,900
메달 이미지	105	Bronze	Expert	Red	Storm	5,600	454,500
메달 이미지	106	Silver	Expert	Black	Drop	14,000	468,500
메달 이미지	107	Silver	Expert	Black	Wave	5,600	474,100
메달 이미지	108	Silver	Expert	Black	Storm	5,600	479,700
메달 이미지	109	Silver	Expert	Green	Drop	8,600	488,300
메달 이미지	110	Silver	Expert	Green	Wave	5,600	493,900
메달 이미지	111	Silver	Expert	Green	Storm	5,600	499,500
메달 이미지	112	Silver	Expert	Blue	Drop	8,600	508,100
메달 이미지	113	Silver	Expert	Blue	Wave	5,600	513,700
메달 이미지	114	Silver	Expert	Blue	Storm	5,600	519,300
메달 이미지	115	Silver	Expert	Yellow	Drop	8,600	527,900
메달 이미지	116	Silver	Expert	Yellow	Wave	5,600	533,500
메달 이미지	117	Silver	Expert	Yellow	Storm	5,600	539,100
메달 이미지	118	Silver	Expert	Red	Drop	8,600	547,700
메달 이미지	119	Silver	Expert	Red	Wave	5,600	553,300
메달 이미지	120	Silver	Expert	Red	Storm	5,600	558,900
메달 이미지	121	Gold	Expert	Black	Drop	18,800	577,700
메달 이미지	122	Gold	Expert	Black	Wave	5,600	583,300
메달 이미지	123	Gold	Expert	Black	Storm	5,600	588,900
메달 이미지	124	Gold	Expert	Green	Drop	8,600	597,500
메달 이미지	125	Gold	Expert	Green	Wave	5,600	603,100
메달 이미지	126	Gold	Expert	Green	Storm	5,600	608,700
메달 이미지	127	Gold	Expert	Blue	Drop	8,600	617,300
메달 이미지	128	Gold	Expert	Blue	Wave	5,600	622,900
메달 이미지	129	Gold	Expert	Blue	Storm	5,600	628,500
메달 이미지	130	Gold	Expert	Yellow	Drop	8,600	637,100
메달 이미지	131	Gold	Expert	Yellow	Wave	5,600	642,700
메달 이미지	132	Gold	Expert	Yellow	Storm	5,600	648,300
메달 이미지	133	Gold	Expert	Red	Drop	8,600	656,900
메달 이미지	134	Gold	Expert	Red	Wave	5,600	662,500
메달 이미지	135	Gold	Expert	Red	Storm	5,600	668,100
메달 이미지	136	Bronze	Elite	Black	Drop	32,000	700,100
메달 이미지	137	Bronze	Elite	Black	Wave	6,200	706,300
메달 이미지	138	Bronze	Elite	Black	Storm	6,200	712,500
메달 이미지	139	Bronze	Elite	Green	Drop	9,200	721,700
메달 이미지	140	Bronze	Elite	Green	Wave	6,200	727,900
메달 이미지	141	Bronze	Elite	Green	Storm	6,200	734,100
메달 이미지	142	Bronze	Elite	Blue	Drop	9,200	743,300
메달 이미지	143	Bronze	Elite	Blue	Wave	6,200	749,500
메달 이미지	144	Bronze	Elite	Blue	Storm	6,200	755,700
메달 이미지	145	Bronze	Elite	Yellow	Drop	9,200	764,900
메달 이미지	146	Bronze	Elite	Yellow	Wave	6,200	771,100
메달 이미지	147	Bronze	Elite	Yellow	Storm	6,200	777,300
메달 이미지	148	Bronze	Elite	Red	Drop	9,200	786,500
메달 이미지	149	Bronze	Elite	Red	Wave	6,200	792,700
메달 이미지	150	Bronze	Elite	Red	Storm	6,200	798,900
메달 이미지	151	Silver	Elite	Black	Drop	14,800	813,700
메달 이미지	152	Silver	Elite	Black	Wave	6,400	820,100
메달 이미지	153	Silver	Elite	Black	Storm	6,400	826,500
메달 이미지	154	Silver	Elite	Green	Drop	9,400	835,900
메달 이미지	155	Silver	Elite	Green	Wave	6,400	842,300
메달 이미지	156	Silver	Elite	Green	Storm	6,400	848,700
메달 이미지	157	Silver	Elite	Blue	Drop	9,400	858,100
메달 이미지	158	Silver	Elite	Blue	Wave	6,400	864,500
메달 이미지	159	Silver	Elite	Blue	Storm	6,400	870,900
메달 이미지	160	Silver	Elite	Yellow	Drop	9,400	880,300
메달 이미지	161	Silver	Elite	Yellow	Wave	6,400	886,700
메달 이미지	162	Silver	Elite	Yellow	Storm	6,400	893,100
메달 이미지	163	Silver	Elite	Red	Drop	9,400	902,500
메달 이미지	164	Silver	Elite	Red	Wave	6,400	908,900
메달 이미지	165	Silver	Elite	Red	Storm	6,400	915,300
메달 이미지	166	Gold	Elite	Black	Drop	19,600	934,900
메달 이미지	167	Gold	Elite	Black	Wave	6,400	941,300
메달 이미지	168	Gold	Elite	Black	Storm	6,400	947,700
메달 이미지	169	Gold	Elite	Green	Drop	9,400	957,100
메달 이미지	170	Gold	Elite	Green	Wave	6,400	963,500
메달 이미지	171	Gold	Elite	Green	Storm	6,400	969,900
메달 이미지	172	Gold	Elite	Blue	Drop	9,400	979,300
메달 이미지	173	Gold	Elite	Blue	Wave	6,400	985,700
메달 이미지	174	Gold	Elite	Blue	Storm	6,400	992,100
메달 이미지	175	Gold	Elite	Yellow	Drop	9,400	1,001,500
메달 이미지	176	Gold	Elite	Yellow	Wave	6,400	1,007,900
메달 이미지	177	Gold	Elite	Yellow	Storm	6,400	1,014,300
메달 이미지	178	Gold	Elite	Red	Drop	9,400	1,023,700
메달 이미지	179	Gold	Elite	Red	Wave	6,400	1,030,100
메달 이미지	180	Gold	Elite	Red	Storm	6,400	1,036,500
메달 이미지	181	Bronze	Master	Black	Drop	33,800	1,070,300
메달 이미지	182	Bronze	Master	Black	Wave	15,400	1,085,700
메달 이미지	183	Bronze	Master	Black	Storm	15,400	1,101,100
메달 이미지	184	Bronze	Master	Green	Drop	21,400	1,122,500
메달 이미지	185	Bronze	Master	Green	Wave	15,400	1,137,900
메달 이미지	186	Bronze	Master	Green	Storm	15,400	1,153,300
메달 이미지	187	Bronze	Master	Blue	Drop	21,400	1,174,700
메달 이미지	188	Bronze	Master	Blue	Wave	15,400	1,190,100
메달 이미지	189	Bronze	Master	Blue	Storm	15,400	1,205,500
메달 이미지	190	Bronze	Master	Yellow	Drop	21,400	1,226,900
메달 이미지	191	Bronze	Master	Yellow	Wave	15,400	1,242,300
메달 이미지	192	Bronze	Master	Yellow	Storm	15,400	1,257,700
메달 이미지	193	Bronze	Master	Red	Drop	21,400	1,279,100
메달 이미지	194	Bronze	Master	Red	Wave	15,400	1,294,500
메달 이미지	195	Bronze	Master	Red	Storm	15,400	1,309,900
메달 이미지	196	Silver	Master	Black	Drop	32,200	1,342,100
메달 이미지	197	Silver	Master	Black	Wave	15,400	1,357,500
메달 이미지	198	Silver	Master	Black	Storm	15,400	1,372,900
메달 이미지	199	Silver	Master	Green	Drop	21,400	1,394,300
메달 이미지	200	Silver	Master	Green	Wave	15,400	1,409,700
메달 이미지	201	Silver	Master	Green	Storm	15,400	1,425,100
메달 이미지	202	Silver	Master	Blue	Drop	21,600	1,446,700
메달 이미지	203	Silver	Master	Blue	Wave	15,600	1,462,300
메달 이미지	204	Silver	Master	Blue	Storm	15,600	1,477,900
메달 이미지	205	Silver	Master	Yellow	Drop	21,600	1,499,500
메달 이미지	206	Silver	Master	Yellow	Wave	15,600	1,515,100
메달 이미지	207	Silver	Master	Yellow	Storm	15,600	1,530,700
메달 이미지	208	Silver	Master	Red	Drop	21,600	1,552,300
메달 이미지	209	Silver	Master	Red	Wave	15,600	1,567,900
메달 이미지	210	Silver	Master	Red	Storm	15,600	1,583,500
메달 이미지	211	Gold	Master	Black	Drop	42,000	1,625,500
메달 이미지	212	Gold	Master	Black	Wave	15,600	1,641,100
메달 이미지	213	Gold	Master	Black	Storm	15,600	1,656,700
메달 이미지	214	Gold	Master	Green	Drop	21,600	1,678,300
메달 이미지	215	Gold	Master	Green	Wave	15,600	1,693,900
메달 이미지	216	Gold	Master	Green	Storm	15,600	1,709,500
메달 이미지	217	Gold	Master	Blue	Drop	21,600	1,731,100
메달 이미지	218	Gold	Master	Blue	Wave	15,600	1,746,700
메달 이미지	219	Gold	Master	Blue	Storm	15,600	1,762,300
메달 이미지	220	Gold	Master	Yellow	Drop	21,600	1,783,900
메달 이미지	221	Gold	Master	Yellow	Wave	15,600	1,799,500
메달 이미지	222	Gold	Master	Yellow	Storm	15,600	1,815,100
메달 이미지	223	Gold	Master	Red	Drop	21,600	1,836,700
메달 이미지	224	Gold	Master	Red	Wave	15,600	1,852,300
메달 이미지	225	Gold	Master	Red	Storm	77,200	1,929,500
메달 이미지	226	Bronze	Champion	Black	Drop	13,800	1,943,300
메달 이미지	227	Bronze	Champion	Black	Wave	13,800	1,957,100
메달 이미지	228	Bronze	Champion	Black	Storm	13,800	1,970,900
메달 이미지	229	Bronze	Champion	Green	Drop	21,300	1,992,200
메달 이미지	230	Bronze	Champion	Green	Wave	13,800	2,006,000
메달 이미지	231	Bronze	Champion	Green	Storm	13,800	2,019,800
메달 이미지	232	Bronze	Champion	Blue	Drop	21,300	2,041,100
메달 이미지	233	Bronze	Champion	Blue	Wave	13,800	2,054,900
메달 이미지	234	Bronze	Champion	Blue	Storm	13,800	2,068,700
메달 이미지	235	Bronze	Champion	Yellow	Drop	21,300	2,090,000
메달 이미지	236	Bronze	Champion	Yellow	Wave	13,800	2,103,800
메달 이미지	237	Bronze	Champion	Yellow	Storm	13,800	2,117,600
메달 이미지	238	Bronze	Champion	Red	Drop	21,300	2,138,900
메달 이미지	239	Bronze	Champion	Red	Wave	13,800	2,152,700
메달 이미지	240	Bronze	Champion	Red	Storm	13,800	2,166,500
메달 이미지	241	Silver	Champion	Black	Drop	34,800	2,201,300
메달 이미지	242	Silver	Champion	Black	Wave	13,800	2,215,100
메달 이미지	243	Silver	Champion	Black	Storm	13,800	2,228,900
메달 이미지	244	Silver	Champion	Green	Drop	21,300	2,250,200
메달 이미지	245	Silver	Champion	Green	Wave	13,800	2,264,000
메달 이미지	246	Silver	Champion	Green	Storm	13,800	2,277,800
메달 이미지	247	Silver	Champion	Blue	Drop	21,300	2,299,100
메달 이미지	248	Silver	Champion	Blue	Wave	13,800	2,312,900
메달 이미지	249	Silver	Champion	Blue	Storm	13,800	2,326,700
메달 이미지	250	Silver	Champion	Yellow	Drop	21,500	2,348,200
메달 이미지	251	Silver	Champion	Yellow	Wave	14,000	2,362,200
메달 이미지	252	Silver	Champion	Yellow	Storm	14,000	2,376,200
메달 이미지	253	Silver	Champion	Red	Drop	21,500	2,397,700
메달 이미지	254	Silver	Champion	Red	Wave	14,000	2,411,700
메달 이미지	255	Silver	Champion	Red	Storm	14,000	2,425,700
메달 이미지	256	Gold	Champion	Black	Drop	47,000	2,472,700
메달 이미지	257	Gold	Champion	Black	Wave	14,000	2,486,700
메달 이미지	258	Gold	Champion	Black	Storm	14,000	2,500,700
메달 이미지	259	Gold	Champion	Green	Drop	21,500	2,522,200
메달 이미지	260	Gold	Champion	Green	Wave	14,000	2,536,200
메달 이미지	261	Gold	Champion	Green	Storm	14,000	2,550,200
메달 이미지	262	Gold	Champion	Blue	Drop	21,500	2,571,700
메달 이미지	263	Gold	Champion	Blue	Wave	14,000	2,585,700
메달 이미지	264	Gold	Champion	Blue	Storm	14,000	2,599,700
메달 이미지	265	Gold	Champion	Yellow	Drop	21,500	2,621,200
메달 이미지	266	Gold	Champion	Yellow	Wave	14,000	2,635,200
메달 이미지	267	Gold	Champion	Yellow	Storm	14,000	2,649,200
메달 이미지	268	Gold	Champion	Red	Drop	21,500	2,670,700
메달 이미지	269	Gold	Champion	Red	Wave	14,000	2,684,700
메달 이미지	270	Gold	Champion	Red	Storm	14,000	2,698,700
메달 이미지	271	Bronze	Hero	Black	Drop	35,000	2,733,700
메달 이미지	272	Bronze	Hero	Black	Wave	32,000	2,765,700
메달 이미지	273	Bronze	Hero	Black	Storm	32,000	2,797,700
메달 이미지	274	Bronze	Hero	Green	Drop	47,000	2,844,700
메달 이미지	275	Bronze	Hero	Green	Wave	32,000	2,876,700
메달 이미지	276	Bronze	Hero	Green	Storm	32,000	2,908,700
메달 이미지	277	Bronze	Hero	Blue	Drop	47,000	2,955,700
메달 이미지	278	Bronze	Hero	Blue	Wave	32,000	2,987,700
메달 이미지	279	Bronze	Hero	Blue	Storm	32,000	3,019,700
메달 이미지	280	Bronze	Hero	Yellow	Drop	47,000	3,066,700
메달 이미지	281	Bronze	Hero	Yellow	Wave	32,000	3,098,700
메달 이미지	282	Bronze	Hero	Yellow	Storm	32,000	3,130,700
메달 이미지	283	Bronze	Hero	Red	Drop	47,000	3,177,700
메달 이미지	284	Bronze	Hero	Red	Wave	32,000	3,209,700
메달 이미지	285	Bronze	Hero	Red	Storm	32,000	3,241,700
메달 이미지	286	Silver	Hero	Black	Drop	74,000	3,315,700
메달 이미지	287	Silver	Hero	Black	Wave	32,000	3,347,700
메달 이미지	288	Silver	Hero	Black	Storm	32,000	3,379,700
메달 이미지	289	Silver	Hero	Green	Drop	47,000	3,426,700
메달 이미지	290	Silver	Hero	Green	Wave	32,000	3,458,700
메달 이미지	291	Silver	Hero	Green	Storm	32,000	3,490,700
메달 이미지	292	Silver	Hero	Blue	Drop	47,000	3,537,700
메달 이미지	293	Silver	Hero	Blue	Wave	32,000	3,569,700
메달 이미지	294	Silver	Hero	Blue	Storm	32,000	3,601,700
메달 이미지	295	Silver	Hero	Yellow	Drop	47,000	3,648,700
메달 이미지	296	Silver	Hero	Yellow	Wave	32,000	3,680,700
메달 이미지	297	Silver	Hero	Yellow	Storm	32,000	3,712,700
메달 이미지	298	Silver	Hero	Red	Drop	47,000	3,759,700
메달 이미지	299	Silver	Hero	Red	Wave	32,000	3,791,700
메달 이미지	300	Silver	Hero	Red	Storm	32,000	3,823,700
메달 이미지	301	Gold	Hero	Black	Drop	98,200	3,921,900
메달 이미지	302	Gold	Hero	Black	Wave	32,200	3,954,100
메달 이미지	303	Gold	Hero	Black	Storm	32,200	3,986,300
메달 이미지	304	Gold	Hero	Green	Drop	47,200	4,033,500
메달 이미지	305	Gold	Hero	Green	Wave	32,200	4,065,700
메달 이미지	306	Gold	Hero	Green	Storm	32,200	4,097,900
메달 이미지	307	Gold	Hero	Blue	Drop	47,200	4,145,100
메달 이미지	308	Gold	Hero	Blue	Wave	32,200	4,177,300
메달 이미지	309	Gold	Hero	Blue	Storm	32,200	4,209,500
메달 이미지	310	Gold	Hero	Yellow	Drop	47,200	4,256,700
메달 이미지	311	Gold	Hero	Yellow	Wave	32,200	4,288,900
메달 이미지	312	Gold	Hero	Yellow	Storm	32,200	4,321,100
메달 이미지	313	Gold	Hero	Red	Drop	47,200	4,368,300
메달 이미지	314	Gold	Hero	Red	Wave	32,200	4,400,500
메달 이미지	315	Gold	Hero	Red	Storm	32,200	4,432,700
메달 이미지	316	Bronze	King	Black	Drop	119,200	4,551,900
메달 이미지	317	Bronze	King	Black	Wave	35,200	4,587,100
메달 이미지	318	Bronze	King	Black	Storm	35,200	4,622,300
메달 이미지	319	Bronze	King	Green	Drop	50,200	4,672,500
메달 이미지	320	Bronze	King	Green	Wave	35,200	4,707,700
메달 이미지	321	Bronze	King	Green	Storm	35,200	4,742,900
메달 이미지	322	Bronze	King	Blue	Drop	50,200	4,793,100
메달 이미지	323	Bronze	King	Blue	Wave	35,200	4,828,300
메달 이미지	324	Bronze	King	Blue	Storm	35,200	4,863,500
메달 이미지	325	Bronze	King	Yellow	Drop	50,200	4,913,700
메달 이미지	326	Bronze	King	Yellow	Wave	35,200	4,948,900
메달 이미지	327	Bronze	King	Yellow	Storm	35,200	4,984,100
메달 이미지	328	Bronze	King	Red	Drop	50,200	5,034,300
메달 이미지	329	Bronze	King	Red	Wave	35,200	5,069,500
메달 이미지	330	Bronze	King	Red	Storm	35,200	5,104,700
메달 이미지	331	Silver	King	Black	Drop	77,200	5,181,900
메달 이미지	332	Silver	King	Black	Wave	35,200	5,217,100
메달 이미지	333	Silver	King	Black	Storm	35,200	5,252,300
메달 이미지	334	Silver	King	Green	Drop	50,200	5,302,500
메달 이미지	335	Silver	King	Green	Wave	35,200	5,337,700
메달 이미지	336	Silver	King	Green	Storm	35,200	5,372,900
메달 이미지	337	Silver	King	Blue	Drop	50,200	5,423,100
메달 이미지	338	Silver	King	Blue	Wave	35,200	5,458,300
메달 이미지	339	Silver	King	Blue	Storm	35,200	5,493,500
메달 이미지	340	Silver	King	Yellow	Drop	50,200	5,543,700
메달 이미지	341	Silver	King	Yellow	Wave	35,200	5,578,900
메달 이미지	342	Silver	King	Yellow	Storm	35,200	5,614,100
메달 이미지	343	Silver	King	Red	Drop	50,200	5,664,300
메달 이미지	344	Silver	King	Red	Wave	35,200	5,699,500
메달 이미지	345	Silver	King	Red	Storm	35,200	5,734,700
메달 이미지	346	Gold	King	Black	Drop	101,200	5,835,900
메달 이미지	347	Gold	King	Black	Wave	35,200	5,871,100
메달 이미지	348	Gold	King	Black	Storm	35,200	5,906,300
메달 이미지	349	Gold	King	Green	Drop	50,200	5,956,500
메달 이미지	350	Gold	King	Green	Wave	35,200	5,991,700
메달 이미지	351	Gold	King	Green	Storm	35,400	6,027,100
메달 이미지	352	Gold	King	Blue	Drop	50,400	6,077,500
메달 이미지	353	Gold	King	Blue	Wave	35,400	6,112,900
메달 이미지	354	Gold	King	Blue	Storm	35,400	6,148,300
메달 이미지	355	Gold	King	Yellow	Drop	50,400	6,198,700
메달 이미지	356	Gold	King	Yellow	Wave	35,400	6,234,100
메달 이미지	357	Gold	King	Yellow	Storm	35,400	6,269,500
메달 이미지	358	Gold	King	Red	Drop	50,400	6,319,900
메달 이미지	359	Gold	King	Red	Wave	35,400	6,355,300
메달 이미지	360	Gold	King	Red	Storm	35,400	6,390,700
메달 이미지	361	Bronze	Lord	Black	Drop	167,400	6,558,100
메달 이미지	362	Bronze	Lord	Black	Wave	38,400	6,596,500
메달 이미지	363	Bronze	Lord	Black	Storm	38,400	6,634,900
메달 이미지	364	Bronze	Lord	Green	Drop	53,400	6,688,300
메달 이미지	365	Bronze	Lord	Green	Wave	38,400	6,726,700
메달 이미지	366	Bronze	Lord	Green	Storm	38,400	6,765,100
메달 이미지	367	Bronze	Lord	Blue	Drop	53,400	6,818,500
메달 이미지	368	Bronze	Lord	Blue	Wave	38,400	6,856,900
메달 이미지	369	Bronze	Lord	Blue	Storm	38,400	6,895,300
메달 이미지	370	Bronze	Lord	Yellow	Drop	53,400	6,948,700
메달 이미지	371	Bronze	Lord	Yellow	Wave	38,400	6,987,100
메달 이미지	372	Bronze	Lord	Yellow	Storm	38,400	7,025,500
메달 이미지	373	Bronze	Lord	Red	Drop	53,400	7,078,900
메달 이미지	374	Bronze	Lord	Red	Wave	38,400	7,117,300
메달 이미지	375	Bronze	Lord	Red	Storm	38,400	7,155,700
메달 이미지	376	Silver	Lord	Black	Drop	80,400	7,236,100
메달 이미지	377	Silver	Lord	Black	Wave	38,400	7,274,500
메달 이미지	378	Silver	Lord	Black	Storm	38,400	7,312,900
메달 이미지	379	Silver	Lord	Green	Drop	53,400	7,366,300
메달 이미지	380	Silver	Lord	Green	Wave	38,400	7,404,700
메달 이미지	381	Silver	Lord	Green	Storm	38,400	7,443,100
메달 이미지	382	Silver	Lord	Blue	Drop	53,400	7,496,500
메달 이미지	383	Silver	Lord	Blue	Wave	38,400	7,534,900
메달 이미지	384	Silver	Lord	Blue	Storm	38,400	7,573,300
메달 이미지	385	Silver	Lord	Yellow	Drop	53,400	7,626,700
메달 이미지	386	Silver	Lord	Yellow	Wave	38,400	7,665,100
메달 이미지	387	Silver	Lord	Yellow	Storm	38,400	7,703,500
메달 이미지	388	Silver	Lord	Red	Drop	53,400	7,756,900
메달 이미지	389	Silver	Lord	Red	Wave	38,400	7,795,300
메달 이미지	390	Silver	Lord	Red	Storm	38,400	7,833,700
메달 이미지	391	Gold	Lord	Black	Drop	104,400	7,938,100
메달 이미지	392	Gold	Lord	Black	Wave	38,400	7,976,500
메달 이미지	393	Gold	Lord	Black	Storm	38,400	8,014,900
메달 이미지	394	Gold	Lord	Green	Drop	53,400	8,068,300
메달 이미지	395	Gold	Lord	Green	Wave	38,400	8,106,700
메달 이미지	396	Gold	Lord	Green	Storm	38,400	8,145,100
메달 이미지	397	Gold	Lord	Blue	Drop	53,400	8,198,500
메달 이미지	398	Gold	Lord	Blue	Wave	38,400	8,236,900
메달 이미지	399	Gold	Lord	Blue	Storm	38,400	8,275,300
메달 이미지	400	Gold	Lord	Yellow	Drop	53,600	8,328,900
메달 이미지	401	Gold	Lord	Yellow	Wave	38,600	8,367,500
메달 이미지	402	Gold	Lord	Yellow	Storm	38,600	8,406,100
메달 이미지	403	Gold	Lord	Red	Drop	53,600	8,459,700
메달 이미지	404	Gold	Lord	Red	Wave	38,600	8,498,300
메달 이미지	405	Gold	Lord	Red	Storm	38,600	8,536,900
메달 이미지	406	Bronze	God	Black	Drop	175,600	8,712,500
메달 이미지	407	Bronze	God	Black	Wave	83,600	8,796,100
메달 이미지	408	Bronze	God	Black	Storm	83,600	8,879,700
메달 이미지	409	Bronze	God	Green	Drop	113,600	8,993,300
메달 이미지	410	Bronze	God	Green	Wave	83,600	9,076,900
메달 이미지	411	Bronze	God	Green	Storm	83,600	9,160,500
메달 이미지	412	Bronze	God	Blue	Drop	113,600	9,274,100
메달 이미지	413	Bronze	God	Blue	Wave	83,600	9,357,700
메달 이미지	414	Bronze	God	Blue	Storm	83,600	9,441,300
메달 이미지	415	Bronze	God	Yellow	Drop	113,600	9,554,900
메달 이미지	416	Bronze	God	Yellow	Wave	83,600	9,638,500
메달 이미지	417	Bronze	God	Yellow	Storm	83,600	9,722,100
메달 이미지	418	Bronze	God	Red	Drop	113,600	9,835,700
메달 이미지	419	Bronze	God	Red	Wave	83,600	9,919,300
메달 이미지	420	Bronze	God	Red	Storm	83,600	10,002,900
메달 이미지	421	Silver	God	Black	Drop	167,600	10,170,500
메달 이미지	422	Silver	God	Black	Wave	83,600	10,254,100
메달 이미지	423	Silver	God	Black	Storm	83,600	10,337,700
메달 이미지	424	Silver	God	Green	Drop	113,600	10,451,300
메달 이미지	425	Silver	God	Green	Wave	83,600	10,534,900
메달 이미지	426	Silver	God	Green	Storm	83,600	10,618,500
메달 이미지	427	Silver	God	Blue	Drop	113,600	10,732,100
메달 이미지	428	Silver	God	Blue	Wave	83,600	10,815,700
메달 이미지	429	Silver	God	Blue	Storm	83,600	10,899,300
메달 이미지	430	Silver	God	Yellow	Drop	113,600	11,012,900
메달 이미지	431	Silver	God	Yellow	Wave	83,600	11,096,500
메달 이미지	432	Silver	God	Yellow	Storm	83,600	11,180,100
메달 이미지	433	Silver	God	Red	Drop	113,600	11,293,700
메달 이미지	434	Silver	God	Red	Wave	83,600	11,377,300
메달 이미지	435	Silver	God	Red	Storm	83,600	11,460,900
메달 이미지	436	Gold	God	Black	Drop	215,600	11,676,500
메달 이미지	437	Gold	God	Black	Wave	83,600	11,760,100
메달 이미지	438	Gold	God	Black	Storm	83,600	11,843,700
메달 이미지	439	Gold	God	Green	Drop	113,600	11,957,300
메달 이미지	440	Gold	God	Green	Wave	83,600	12,040,900
메달 이미지	441	Gold	God	Green	Storm	83,600	12,124,500
메달 이미지	442	Gold	God	Blue	Drop	113,600	12,238,100
메달 이미지	443	Gold	God	Blue	Wave	83,600	12,321,700
메달 이미지	444	Gold	God	Blue	Storm	83,600	12,405,300
메달 이미지	445	Gold	God	Yellow	Drop	113,600	12,518,900
메달 이미지	446	Gold	God	Yellow	Wave	83,600	12,602,500
메달 이미지	447	Gold	God	Yellow	Storm	83,600	12,686,100
메달 이미지	448	Gold	God	Red	Drop	113,600	12,799,700
메달 이미지	449	Gold	God	Red	Wave	83,600	12,883,300
메달 이미지	450	Gold	God	Red	Storm	391,600	13,274,900
메달 이미지	451	Bronze	Star	Black	Drop	90,000	13,364,900
메달 이미지	452	Bronze	Star	Black	Wave	90,000	13,454,900
메달 이미지	453	Bronze	Star	Black	Storm	120,000	13,574,900
메달 이미지	454	Bronze	Star	Green	Drop	90,000	13,664,900
메달 이미지	455	Bronze	Star	Green	Wave	90,000	13,754,900
메달 이미지	456	Bronze	Star	Green	Storm	120,000	13,874,900
메달 이미지	457	Bronze	Star	Blue	Drop	90,000	13,964,900
메달 이미지	458	Bronze	Star	Blue	Wave	90,000	14,054,900
메달 이미지	459	Bronze	Star	Blue	Storm	120,000	14,174,900
메달 이미지	460	Bronze	Star	Yellow	Drop	90,000	14,264,900
메달 이미지	461	Bronze	Star	Yellow	Wave	90,000	14,354,900
메달 이미지	462	Bronze	Star	Yellow	Storm	120,000	14,474,900
메달 이미지	463	Bronze	Star	Red	Drop	90,000	14,564,900
메달 이미지	464	Bronze	Star	Red	Wave	90,000	14,654,900
메달 이미지	465	Bronze	Star	Red	Storm	180,000	14,834,900
메달 이미지	466	Silver	Star	Black	Drop	90,000	14,924,900
메달 이미지	467	Silver	Star	Black	Wave	90,000	15,014,900
메달 이미지	468	Silver	Star	Black	Storm	120,000	15,134,900
메달 이미지	469	Silver	Star	Green	Drop	90,000	15,224,900
메달 이미지	470	Silver	Star	Green	Wave	90,000	15,314,900
메달 이미지	471	Silver	Star	Green	Storm	120,000	15,434,900
메달 이미지	472	Silver	Star	Blue	Drop	90,000	15,524,900
메달 이미지	473	Silver	Star	Blue	Wave	90,000	15,614,900
메달 이미지	474	Silver	Star	Blue	Storm	120,000	15,734,900
메달 이미지	475	Silver	Star	Yellow	Drop	90,000	15,824,900
메달 이미지	476	Silver	Star	Yellow	Wave	90,000	15,914,900
메달 이미지	477	Silver	Star	Yellow	Storm	120,000	16,034,900
메달 이미지	478	Silver	Star	Red	Drop	90,000	16,124,900
메달 이미지	479	Silver	Star	Red	Wave	90,000	16,214,900
메달 이미지	480	Silver	Star	Red	Storm	228,000	16,442,900
메달 이미지	481	Gold	Star	Black	Drop	90,000	16,532,900
메달 이미지	482	Gold	Star	Black	Wave	90,000	16,622,900
메달 이미지	483	Gold	Star	Black	Storm	120,000	16,742,900
메달 이미지	484	Gold	Star	Green	Drop	90,000	16,832,900
메달 이미지	485	Gold	Star	Green	Wave	90,000	16,922,900
메달 이미지	486	Gold	Star	Green	Storm	120,000	17,042,900
메달 이미지	487	Gold	Star	Blue	Drop	90,000	17,132,900
메달 이미지	488	Gold	Star	Blue	Wave	90,000	17,222,900
메달 이미지	489	Gold	Star	Blue	Storm	120,000	17,342,900
메달 이미지	490	Gold	Star	Yellow	Drop	90,000	17,432,900
메달 이미지	491	Gold	Star	Yellow	Wave	90,000	17,522,900
메달 이미지	492	Gold	Star	Yellow	Storm	120,000	17,642,900
메달 이미지	493	Gold	Star	Red	Drop	90,000	17,732,900
메달 이미지	494	Gold	Star	Red	Wave	90,000	17,822,900
메달 이미지	495	Gold	Star	Red	Storm	408,000	18,230,900
메달 이미지	496	Bronze	Master-Hero	Black	Drop	150,000	18,380,900
메달 이미지	497	Bronze	Master-Hero	Black	Wave	150,000	18,530,900
메달 이미지	498	Bronze	Master-Hero	Black	Storm	200,000	18,730,900
메달 이미지	499	Bronze	Master-Hero	Green	Drop	150,000	18,880,900
메달 이미지	500	Bronze	Master-Hero	Green	Wave	150,000	19,030,900
메달 이미지	501	Bronze	Master-Hero	Green	Storm	200,000	19,230,900
메달 이미지	502	Bronze	Master-Hero	Blue	Drop	150,000	19,380,900
메달 이미지	503	Bronze	Master-Hero	Blue	Wave	150,000	19,530,900
메달 이미지	504	Bronze	Master-Hero	Blue	Storm	200,000	19,730,900
메달 이미지	505	Bronze	Master-Hero	Yellow	Drop	150,000	19,880,900
메달 이미지	506	Bronze	Master-Hero	Yellow	Wave	150,000	20,030,900
메달 이미지	507	Bronze	Master-Hero	Yellow	Storm	200,000	20,230,900
메달 이미지	508	Bronze	Master-Hero	Red	Drop	150,000	20,380,900
메달 이미지	509	Bronze	Master-Hero	Red	Wave	150,000	20,530,900
메달 이미지	510	Bronze	Master-Hero	Red	Storm	250,000	20,780,900
메달 이미지	511	Silver	Master-Hero	Black	Drop	150,000	20,930,900
메달 이미지	512	Silver	Master-Hero	Black	Wave	150,000	21,080,900
메달 이미지	513	Silver	Master-Hero	Black	Storm	200,000	21,280,900
메달 이미지	514	Silver	Master-Hero	Green	Drop	150,000	21,430,900
메달 이미지	515	Silver	Master-Hero	Green	Wave	150,000	21,580,900
메달 이미지	516	Silver	Master-Hero	Green	Storm	200,000	21,780,900
메달 이미지	517	Silver	Master-Hero	Blue	Drop	150,000	21,930,900
메달 이미지	518	Silver	Master-Hero	Blue	Wave	150,000	22,080,900
메달 이미지	519	Silver	Master-Hero	Blue	Storm	200,000	22,280,900
메달 이미지	520	Silver	Master-Hero	Yellow	Drop	150,000	22,430,900
메달 이미지	521	Silver	Master-Hero	Yellow	Wave	150,000	22,580,900
메달 이미지	522	Silver	Master-Hero	Yellow	Storm	200,000	22,780,900
메달 이미지	523	Silver	Master-Hero	Red	Drop	150,000	22,930,900
메달 이미지	524	Silver	Master-Hero	Red	Wave	150,000	23,080,900
메달 이미지	525	Silver	Master-Hero	Red	Storm	300,000	23,380,900
메달 이미지	526	Gold	Master-Hero	Black	Drop	150,000	23,530,900
메달 이미지	527	Gold	Master-Hero	Black	Wave	150,000	23,680,900
메달 이미지	528	Gold	Master-Hero	Black	Storm	200,000	23,880,900
메달 이미지	529	Gold	Master-Hero	Green	Drop	150,000	24,030,900
메달 이미지	530	Gold	Master-Hero	Green	Wave	150,000	24,180,900
메달 이미지	531	Gold	Master-Hero	Green	Storm	200,000	24,380,900
메달 이미지	532	Gold	Master-Hero	Blue	Drop	150,000	24,530,900
메달 이미지	533	Gold	Master-Hero	Blue	Wave	150,000	24,680,900
메달 이미지	534	Gold	Master-Hero	Blue	Storm	200,000	24,880,900
메달 이미지	535	Gold	Master-Hero	Yellow	Drop	150,000	25,030,900
메달 이미지	536	Gold	Master-Hero	Yellow	Wave	150,000	25,180,900
메달 이미지	537	Gold	Master-Hero	Yellow	Storm	200,000	25,380,900
메달 이미지	538	Gold	Master-Hero	Red	Drop	150,000	25,530,900
메달 이미지	539	Gold	Master-Hero	Red	Wave	150,000	25,680,900
메달 이미지	540	Gold	Master-Hero	Red	Storm	550,000	26,230,900
메달 이미지	541	Bronze	Master-King	Black	Drop	200,000	26,430,900
메달 이미지	542	Bronze	Master-King	Black	Wave	200,000	26,630,900
메달 이미지	543	Bronze	Master-King	Black	Storm	270,000	26,900,900
메달 이미지	544	Bronze	Master-King	Green	Drop	200,000	27,100,900
메달 이미지	545	Bronze	Master-King	Green	Wave	200,000	27,300,900
메달 이미지	546	Bronze	Master-King	Green	Storm	270,000	27,570,900
메달 이미지	547	Bronze	Master-King	Blue	Drop	200,000	27,770,900
메달 이미지	548	Bronze	Master-King	Blue	Wave	200,000	27,970,900
메달 이미지	549	Bronze	Master-King	Blue	Storm	270,000	28,240,900
메달 이미지	550	Bronze	Master-King	Yellow	Drop	200,000	28,440,900
메달 이미지	551	Bronze	Master-King	Yellow	Wave	200,000	28,640,900
메달 이미지	552	Bronze	Master-King	Yellow	Storm	270,000	28,910,900
메달 이미지	553	Bronze	Master-King	Red	Drop	200,000	29,110,900
메달 이미지	554	Bronze	Master-King	Red	Wave	200,000	29,310,900
메달 이미지	555	Bronze	Master-King	Red	Storm	310,000	29,620,900
메달 이미지	556	Silver	Master-King	Black	Drop	200,000	29,820,900
메달 이미지	557	Silver	Master-King	Black	Wave	210,000	30,030,900
메달 이미지	558	Silver	Master-King	Black	Storm	270,000	30,300,900
메달 이미지	559	Silver	Master-King	Green	Drop	200,000	30,500,900
메달 이미지	560	Silver	Master-King	Green	Wave	200,000	30,700,900
메달 이미지	561	Silver	Master-King	Green	Storm	270,000	30,970,900
메달 이미지	562	Silver	Master-King	Blue	Drop	200,000	31,170,900
메달 이미지	563	Silver	Master-King	Blue	Wave	200,000	31,370,900
메달 이미지	564	Silver	Master-King	Blue	Storm	270,000	31,640,900
메달 이미지	565	Silver	Master-King	Yellow	Drop	200,000	31,840,900
메달 이미지	566	Silver	Master-King	Yellow	Wave	200,000	32,040,900
메달 이미지	567	Silver	Master-King	Yellow	Storm	270,000	32,310,900
메달 이미지	568	Silver	Master-King	Red	Drop	200,000	32,510,900
메달 이미지	569	Silver	Master-King	Red	Wave	200,000	32,710,900
메달 이미지	570	Silver	Master-King	Red	Storm	362,000	33,072,900
메달 이미지	571	Gold	Master-King	Black	Drop	200,000	33,272,900
메달 이미지	572	Gold	Master-King	Black	Wave	200,000	33,472,900
메달 이미지	573	Gold	Master-King	Black	Storm	270,000	33,742,900
메달 이미지	574	Gold	Master-King	Green	Drop	200,000	33,942,900
메달 이미지	575	Gold	Master-King	Green	Wave	200,000	34,142,900
메달 이미지	576	Gold	Master-King	Green	Storm	270,000	34,412,900
메달 이미지	577	Gold	Master-King	Blue	Drop	200,000	34,612,900
메달 이미지	578	Gold	Master-King	Blue	Wave	200,000	34,812,900
메달 이미지	579	Gold	Master-King	Blue	Storm	270,000	35,082,900
메달 이미지	580	Gold	Master-King	Yellow	Drop	200,000	35,282,900
메달 이미지	581	Gold	Master-King	Yellow	Wave	200,000	35,482,900
메달 이미지	582	Gold	Master-King	Yellow	Storm	270,000	35,752,900
메달 이미지	583	Gold	Master-King	Red	Drop	200,000	35,952,900
메달 이미지	584	Gold	Master-King	Red	Wave	200,000	36,152,900
메달 이미지	585	Gold	Master-King	Red	Storm	682,000	36,834,900
메달 이미지	586	Bronze	Master-Lord	Black	Drop	300,000	37,134,900
메달 이미지	587	Bronze	Master-Lord	Black	Wave	300,000	37,434,900
메달 이미지	588	Bronze	Master-Lord	Black	Storm	300,000	37,734,900
메달 이미지	589	Bronze	Master-Lord	Green	Drop	300,000	38,034,900
메달 이미지	590	Bronze	Master-Lord	Green	Wave	300,000	38,334,900
메달 이미지	591	Bronze	Master-Lord	Green	Storm	300,000	38,634,900
메달 이미지	592	Bronze	Master-Lord	Blue	Drop	300,000	38,934,900
메달 이미지	593	Bronze	Master-Lord	Blue	Wave	300,000	39,234,900
메달 이미지	594	Bronze	Master-Lord	Blue	Storm	300,000	39,534,900
메달 이미지	595	Bronze	Master-Lord	Yellow	Drop	300,000	39,834,900
메달 이미지	596	Bronze	Master-Lord	Yellow	Wave	300,000	40,134,900
메달 이미지	597	Bronze	Master-Lord	Yellow	Storm	300,000	40,434,900
메달 이미지	598	Bronze	Master-Lord	Red	Drop	300,000	40,734,900
메달 이미지	599	Bronze	Master-Lord	Red	Wave	300,000	41,034,900
메달 이미지	600	Bronze	Master-Lord	Red	Storm	300,000	41,334,900
메달 이미지	601	Silver	Master-Lord	Black	Drop	300,000	41,634,900
메달 이미지	602	Silver	Master-Lord	Black	Wave	300,000	41,934,900
메달 이미지	603	Silver	Master-Lord	Black	Storm	300,000	42,234,900
메달 이미지	604	Silver	Master-Lord	Green	Drop	300,000	42,534,900
메달 이미지	605	Silver	Master-Lord	Green	Wave	300,000	42,834,900
메달 이미지	606	Silver	Master-Lord	Green	Storm	300,000	43,134,900
메달 이미지	607	Silver	Master-Lord	Blue	Drop	300,000	43,434,900
메달 이미지	608	Silver	Master-Lord	Blue	Wave	300,000	43,734,900
메달 이미지	609	Silver	Master-Lord	Blue	Storm	300,000	44,034,900
메달 이미지	610	Silver	Master-Lord	Yellow	Drop	300,000	44,334,900
메달 이미지	611	Silver	Master-Lord	Yellow	Wave	300,000	44,634,900
메달 이미지	612	Silver	Master-Lord	Yellow	Storm	300,000	44,934,900
메달 이미지	613	Silver	Master-Lord	Red	Drop	300,000	45,234,900
메달 이미지	614	Silver	Master-Lord	Red	Wave	300,000	45,534,900
메달 이미지	615	Silver	Master-Lord	Red	Storm	300,000	45,834,900
메달 이미지	616	Gold	Master-Lord	Black	Drop	300,000	46,134,900
메달 이미지	617	Gold	Master-Lord	Black	Wave	300,000	46,434,900
메달 이미지	618	Gold	Master-Lord	Black	Storm	300,000	46,734,900
메달 이미지	619	Gold	Master-Lord	Green	Drop	300,000	47,034,900
메달 이미지	620	Gold	Master-Lord	Green	Wave	300,000	47,334,900
메달 이미지	621	Gold	Master-Lord	Green	Storm	300,000	47,634,900
메달 이미지	622	Gold	Master-Lord	Blue	Drop	300,000	47,934,900
메달 이미지	623	Gold	Master-Lord	Blue	Wave	300,000	48,234,900
메달 이미지	624	Gold	Master-Lord	Blue	Storm	300,000	48,534,900
메달 이미지	625	Gold	Master-Lord	Yellow	Drop	300,000	48,834,900
메달 이미지	626	Gold	Master-Lord	Yellow	Wave	300,000	49,134,900
메달 이미지	627	Gold	Master-Lord	Yellow	Storm	300,000	49,434,900
메달 이미지	628	Gold	Master-Lord	Red	Drop	300,000	49,734,900
메달 이미지	629	Gold	Master-Lord	Red	Wave	300,000	50,034,900
메달 이미지	630	Gold	Master-Lord	Red	Storm	465,100	50,500,000
메달 이미지	631	Bronze	Master-God	Black	Drop	300,000	50,800,000
메달 이미지	632	Bronze	Master-God	Black	Wave	300,000	51,100,000
메달 이미지	633	Bronze	Master-God	Black	Storm	300,000	51,400,000
메달 이미지	634	Bronze	Master-God	Green	Drop	300,000	51,700,000
메달 이미지	635	Bronze	Master-God	Green	Wave	300,000	52,000,000
메달 이미지	636	Bronze	Master-God	Green	Storm	300,000	52,300,000
메달 이미지	637	Bronze	Master-God	Blue	Drop	300,000	52,600,000
메달 이미지	638	Bronze	Master-God	Blue	Wave	300,000	52,900,000
메달 이미지	639	Bronze	Master-God	Blue	Storm	300,000	53,200,000
메달 이미지	640	Bronze	Master-God	Yellow	Drop	300,000	53,500,000
메달 이미지	641	Bronze	Master-God	Yellow	Wave	300,000	53,800,000
메달 이미지	642	Bronze	Master-God	Yellow	Storm	300,000	54,100,000
메달 이미지	643	Bronze	Master-God	Red	Drop	300,000	54,400,000
메달 이미지	644	Bronze	Master-God	Red	Wave	300,000	54,700,000
메달 이미지	645	Bronze	Master-God	Red	Storm	300,000	55,000,000
메달 이미지	646	Silver	Master-God	Black	Drop	300,000	55,300,000
메달 이미지	647	Silver	Master-God	Black	Wave	300,000	55,600,000
메달 이미지	648	Silver	Master-God	Black	Storm	300,000	55,900,000
메달 이미지	649	Silver	Master-God	Green	Drop	300,000	56,200,000
메달 이미지	650	Silver	Master-God	Green	Wave	300,000	56,500,000
메달 이미지	651	Silver	Master-God	Green	Storm	300,000	56,800,000
메달 이미지	652	Silver	Master-God	Blue	Drop	300,000	57,100,000
메달 이미지	653	Silver	Master-God	Blue	Wave	300,000	57,400,000
메달 이미지	654	Silver	Master-God	Blue	Storm	300,000	57,700,000
메달 이미지	655	Silver	Master-God	Yellow	Drop	300,000	58,000,000
메달 이미지	656	Silver	Master-God	Yellow	Wave	300,000	58,300,000
메달 이미지	657	Silver	Master-God	Yellow	Storm	300,000	58,600,000
메달 이미지	658	Silver	Master-God	Red	Drop	300,000	58,900,000
메달 이미지	659	Silver	Master-God	Red	Wave	300,000	59,200,000
메달 이미지	660	Silver	Master-God	Red	Storm	300,000	59,500,000
메달 이미지	661	Gold	Master-God	Black	Drop	300,000	59,800,000
메달 이미지	662	Gold	Master-God	Black	Wave	300,000	60,100,000
메달 이미지	663	Gold	Master-God	Black	Storm	300,000	60,400,000
메달 이미지	664	Gold	Master-God	Green	Drop	300,000	60,700,000
메달 이미지	665	Gold	Master-God	Green	Wave	300,000	61,000,000
메달 이미지	666	Gold	Master-God	Green	Storm	300,000	61,300,000
메달 이미지	667	Gold	Master-God	Blue	Drop	300,000	61,600,000
메달 이미지	668	Gold	Master-God	Blue	Wave	300,000	61,900,000
메달 이미지	669	Gold	Master-God	Blue	Storm	300,000	62,200,000
메달 이미지	670	Gold	Master-God	Yellow	Drop	300,000	62,500,000
메달 이미지	671	Gold	Master-God	Yellow	Wave	300,000	62,800,000
메달 이미지	672	Gold	Master-God	Yellow	Storm	300,000	63,100,000
메달 이미지	673	Gold	Master-God	Red	Drop	300,000	63,400,000
메달 이미지	674	Gold	Master-God	Red	Wave	300,000	63,700,000
메달 이미지	675	Gold	Master-God	Red	Storm	500,000	64,200,000
메달 이미지	676	Bronze	Angel-Green	Black	Drop	300,000	64,500,000
메달 이미지	677	Bronze	Angel-Green	Black	Wave	300,000	64,800,000
메달 이미지	678	Bronze	Angel-Green	Black	Storm	300,000	65,100,000
메달 이미지	679	Bronze	Angel-Green	Green	Drop	300,000	65,400,000
메달 이미지	680	Bronze	Angel-Green	Green	Wave	300,000	65,700,000
메달 이미지	681	Bronze	Angel-Green	Green	Storm	300,000	66,000,000
메달 이미지	682	Bronze	Angel-Green	Blue	Drop	300,000	66,300,000
메달 이미지	683	Bronze	Angel-Green	Blue	Wave	300,000	66,600,000
메달 이미지	684	Bronze	Angel-Green	Blue	Storm	300,000	66,900,000
메달 이미지	685	Bronze	Angel-Green	Yellow	Drop	300,000	67,200,000
메달 이미지	686	Bronze	Angel-Green	Yellow	Wave	300,000	67,500,000
메달 이미지	687	Bronze	Angel-Green	Yellow	Storm	300,000	67,800,000
메달 이미지	688	Bronze	Angel-Green	Red	Drop	300,000	68,100,000
메달 이미지	689	Bronze	Angel-Green	Red	Wave	300,000	68,400,000
메달 이미지	690	Bronze	Angel-Green	Red	Storm	300,000	68,700,000
메달 이미지	691	Silver	Angel-Green	Black	Drop	300,000	69,000,000
메달 이미지	692	Silver	Angel-Green	Black	Wave	300,000	69,300,000
메달 이미지	693	Silver	Angel-Green	Black	Storm	300,000	69,600,000
메달 이미지	694	Silver	Angel-Green	Green	Drop	300,000	69,900,000
메달 이미지	695	Silver	Angel-Green	Green	Wave	300,000	70,200,000
메달 이미지	696	Silver	Angel-Green	Green	Storm	300,000	70,500,000
메달 이미지	697	Silver	Angel-Green	Blue	Drop	300,000	70,800,000
메달 이미지	698	Silver	Angel-Green	Blue	Wave	300,000	71,100,000
메달 이미지	699	Silver	Angel-Green	Blue	Storm	300,000	71,400,000
메달 이미지	700	Silver	Angel-Green	Yellow	Drop	300,000	71,700,000
메달 이미지	701	Silver	Angel-Green	Yellow	Wave	300,000	72,000,000
메달 이미지	702	Silver	Angel-Green	Yellow	Storm	300,000	72,300,000
메달 이미지	703	Silver	Angel-Green	Red	Drop	300,000	72,600,000
메달 이미지	704	Silver	Angel-Green	Red	Wave	300,000	72,900,000
메달 이미지	705	Silver	Angel-Green	Red	Storm	300,000	73,200,000
메달 이미지	706	Gold	Angel-Green	Black	Drop	300,000	73,500,000
메달 이미지	707	Gold	Angel-Green	Black	Wave	300,000	73,800,000
메달 이미지	708	Gold	Angel-Green	Black	Storm	300,000	74,100,000
메달 이미지	709	Gold	Angel-Green	Green	Drop	300,000	74,400,000
메달 이미지	710	Gold	Angel-Green	Green	Wave	300,000	74,700,000
메달 이미지	711	Gold	Angel-Green	Green	Storm	300,000	75,000,000
메달 이미지	712	Gold	Angel-Green	Blue	Drop	300,000	75,300,000
메달 이미지	713	Gold	Angel-Green	Blue	Wave	300,000	75,600,000
메달 이미지	714	Gold	Angel-Green	Blue	Storm	300,000	75,900,000
메달 이미지	715	Gold	Angel-Green	Yellow	Drop	300,000	76,200,000
메달 이미지	716	Gold	Angel-Green	Yellow	Wave	300,000	76,500,000
메달 이미지	717	Gold	Angel-Green	Yellow	Storm	300,000	76,800,000
메달 이미지	718	Gold	Angel-Green	Red	Drop	300,000	77,100,000
메달 이미지	719	Gold	Angel-Green	Red	Wave	300,000	77,400,000
메달 이미지	720	Gold	Angel-Green	Red	Storm	600,000	78,000,000